<?xml version="1.0" encoding="utf-8"?>
<analytics_core xmlns:xsi="http://www.w3.org/2001/XMLSchema-instance" xmlns:xsd="http://www.w3.org/2001/XMLSchema">
  <ac_id xmlns="urn:obj.api.rightnow.com">104418</ac_id>
  <ac_public xmlns="urn:obj.api.rightnow.com">true</ac_public>
  <ac_type xmlns="urn:obj.api.rightnow.com">1</ac_type>
  <aux xmlns="urn:obj.api.rightnow.com">1.0.2,1.31.2,1.0.3,1.32.3,1.0.10009</aux>
  <cdate_offset xsi:nil="true" xmlns="urn:obj.api.rightnow.com" />
  <co_version xsi:nil="true" xmlns="urn:obj.api.rightnow.com" />
  <created xmlns="urn:obj.api.rightnow.com">2018-07-02T05:46:32Z</created>
  <file_id xsi:nil="true" xmlns="urn:obj.api.rightnow.com" />
  <filters xmlns="urn:obj.api.rightnow.com">
    <filter_item>
      <applies_to xsi:nil="true" />
      <data_type>5</data_type>
      <fltr_id>1</fltr_id>
      <oper>19</oper>
      <optl_id xsi:nil="true" />
      <opts>1</opts>
      <revision>2</revision>
      <type>1</type>
      <val1>contacts.first_name</val1>
      <val1_attrs>1</val1_attrs>
      <val1_col_refs>contacts.first_name;2</val1_col_refs>
      <val2 xsi:nil="true" />
      <val2_col_refs xsi:nil="true" />
      <xml_data>&lt;?xml version="1.0" encoding="utf-16"?&gt;
&lt;FilterXmlData xmlns:xsi="http://www.w3.org/2001/XMLSchema-instance" xmlns:xsd="http://www.w3.org/2001/XMLSchema"&gt;
  &lt;Prompt&gt;
    &lt;LabelStr&gt;First Name&lt;/LabelStr&gt;
  &lt;/Prompt&gt;
  &lt;DockedFilterOrder&gt;1&lt;/DockedFilterOrder&gt;
  &lt;Name&gt;
    &lt;LabelStr&gt;First Name&lt;/LabelStr&gt;
  &lt;/Name&gt;
  &lt;DisplayInSearchCriteria&gt;true&lt;/DisplayInSearchCriteria&gt;
  &lt;FilterLayoutInfo&gt;
    &lt;Index&gt;1&lt;/Index&gt;
    &lt;Width&gt;230&lt;/Width&gt;
    &lt;Height&gt;50&lt;/Height&gt;
    &lt;PanelIndex&gt;0&lt;/PanelIndex&gt;
    &lt;Revision&gt;2&lt;/Revision&gt;
    &lt;FilterType&gt;VIEW_FTYPE_FILTER&lt;/FilterType&gt;
    &lt;SplitterPosition&gt;0&lt;/SplitterPosition&gt;
    &lt;Modified&gt;true&lt;/Modified&gt;
  &lt;/FilterLayoutInfo&gt;
&lt;/FilterXmlData&gt;</xml_data>
    </filter_item>
    <filter_item>
      <applies_to xsi:nil="true" />
      <data_type>5</data_type>
      <fltr_id>2</fltr_id>
      <oper>19</oper>
      <optl_id xsi:nil="true" />
      <opts>1</opts>
      <revision>1</revision>
      <type>1</type>
      <val1>contacts.last_name</val1>
      <val1_attrs>1</val1_attrs>
      <val1_col_refs>contacts.last_name;2</val1_col_refs>
      <val2 xsi:nil="true" />
      <val2_col_refs xsi:nil="true" />
      <xml_data>&lt;?xml version="1.0" encoding="utf-16"?&gt;
&lt;FilterXmlData xmlns:xsi="http://www.w3.org/2001/XMLSchema-instance" xmlns:xsd="http://www.w3.org/2001/XMLSchema"&gt;
  &lt;Prompt&gt;
    &lt;LabelStr&gt;Last Name&lt;/LabelStr&gt;
  &lt;/Prompt&gt;
  &lt;DockedFilterOrder&gt;2&lt;/DockedFilterOrder&gt;
  &lt;Name&gt;
    &lt;LabelStr&gt;Last Name&lt;/LabelStr&gt;
  &lt;/Name&gt;
  &lt;DisplayInSearchCriteria&gt;true&lt;/DisplayInSearchCriteria&gt;
  &lt;FilterLayoutInfo&gt;
    &lt;Index&gt;1&lt;/Index&gt;
    &lt;Width&gt;230&lt;/Width&gt;
    &lt;Height&gt;50&lt;/Height&gt;
    &lt;PanelIndex&gt;1&lt;/PanelIndex&gt;
    &lt;Revision&gt;1&lt;/Revision&gt;
    &lt;FilterType&gt;VIEW_FTYPE_FILTER&lt;/FilterType&gt;
    &lt;SplitterPosition&gt;0&lt;/SplitterPosition&gt;
    &lt;Modified&gt;true&lt;/Modified&gt;
  &lt;/FilterLayoutInfo&gt;
&lt;/FilterXmlData&gt;</xml_data>
    </filter_item>
    <filter_item>
      <applies_to xsi:nil="true" />
      <data_type>5</data_type>
      <fltr_id>3</fltr_id>
      <oper>19</oper>
      <optl_id xsi:nil="true" />
      <opts>1</opts>
      <revision>3</revision>
      <type>1</type>
      <val1>contacts.any_email</val1>
      <val1_attrs>17</val1_attrs>
      <val1_col_refs>contacts.any_email;2</val1_col_refs>
      <val2 xsi:nil="true" />
      <val2_col_refs xsi:nil="true" />
      <xml_data>&lt;?xml version="1.0" encoding="utf-16"?&gt;
&lt;FilterXmlData xmlns:xsi="http://www.w3.org/2001/XMLSchema-instance" xmlns:xsd="http://www.w3.org/2001/XMLSchema"&gt;
  &lt;Prompt&gt;
    &lt;LabelId&gt;8256&lt;/LabelId&gt;
  &lt;/Prompt&gt;
  &lt;DockedFilterOrder&gt;3&lt;/DockedFilterOrder&gt;
  &lt;Name&gt;
    &lt;LabelId&gt;6279&lt;/LabelId&gt;
  &lt;/Name&gt;
  &lt;DisplayInSearchCriteria&gt;true&lt;/DisplayInSearchCriteria&gt;
  &lt;FilterLayoutInfo&gt;
    &lt;Index&gt;3&lt;/Index&gt;
    &lt;Width&gt;230&lt;/Width&gt;
    &lt;Height&gt;50&lt;/Height&gt;
    &lt;Revision&gt;3&lt;/Revision&gt;
    &lt;FilterType&gt;VIEW_FTYPE_FILTER&lt;/FilterType&gt;
    &lt;SplitterPosition&gt;0&lt;/SplitterPosition&gt;
    &lt;Modified&gt;true&lt;/Modified&gt;
  &lt;/FilterLayoutInfo&gt;
&lt;/FilterXmlData&gt;</xml_data>
    </filter_item>
    <filter_item>
      <applies_to xsi:nil="true" />
      <data_type>5</data_type>
      <fltr_id>4</fltr_id>
      <oper>1</oper>
      <optl_id xsi:nil="true" />
      <opts>1</opts>
      <revision>11</revision>
      <type>1</type>
      <val1>contacts.any_phone_raw</val1>
      <val1_attrs>17</val1_attrs>
      <val1_col_refs>contacts.any_phone_raw;2</val1_col_refs>
      <val2 xsi:nil="true" />
      <val2_col_refs xsi:nil="true" />
      <xml_data>&lt;?xml version="1.0" encoding="utf-16"?&gt;
&lt;FilterXmlData xmlns:xsi="http://www.w3.org/2001/XMLSchema-instance" xmlns:xsd="http://www.w3.org/2001/XMLSchema"&gt;
  &lt;Prompt&gt;
    &lt;LabelStr&gt;Phone&lt;/LabelStr&gt;
  &lt;/Prompt&gt;
  &lt;DockedFilterOrder&gt;0&lt;/DockedFilterOrder&gt;
  &lt;Name&gt;
    &lt;LabelStr&gt;Phone&lt;/LabelStr&gt;
  &lt;/Name&gt;
  &lt;DisplayInSearchCriteria&gt;true&lt;/DisplayInSearchCriteria&gt;
  &lt;FilterLayoutInfo&gt;
    &lt;Width&gt;230&lt;/Width&gt;
    &lt;Height&gt;50&lt;/Height&gt;
    &lt;PanelIndex&gt;1&lt;/PanelIndex&gt;
    &lt;Revision&gt;9&lt;/Revision&gt;
    &lt;FilterType&gt;VIEW_FTYPE_FILTER&lt;/FilterType&gt;
    &lt;SplitterPosition&gt;0&lt;/SplitterPosition&gt;
    &lt;Modified&gt;true&lt;/Modified&gt;
  &lt;/FilterLayoutInfo&gt;
&lt;/FilterXmlData&gt;</xml_data>
    </filter_item>
    <filter_item>
      <applies_to xsi:nil="true" />
      <data_type>1</data_type>
      <fltr_id>5</fltr_id>
      <oper>1</oper>
      <optl_id>16777217</optl_id>
      <opts>0</opts>
      <revision xsi:nil="true" />
      <type>1</type>
      <val1>contacts.disabled</val1>
      <val1_attrs>1</val1_attrs>
      <val1_col_refs>contacts.disabled;2</val1_col_refs>
      <val2>0</val2>
      <val2_col_refs xsi:nil="true" />
      <xml_data>&lt;?xml version="1.0" encoding="utf-16"?&gt;
&lt;FilterXmlData xmlns:xsi="http://www.w3.org/2001/XMLSchema-instance" xmlns:xsd="http://www.w3.org/2001/XMLSchema"&gt;
  &lt;Prompt&gt;
    &lt;LabelStr&gt;contacts.disabled&lt;/LabelStr&gt;
  &lt;/Prompt&gt;
  &lt;DisplayInSearchCriteria&gt;true&lt;/DisplayInSearchCriteria&gt;
&lt;/FilterXmlData&gt;</xml_data>
    </filter_item>
  </filters>
  <fltr_expr xmlns="urn:obj.api.rightnow.com">4 3 &amp; 1 &amp; 2 &amp; 5 &amp;</fltr_expr>
  <folder_id xmlns="urn:obj.api.rightnow.com">120366</folder_id>
  <image xmlns="urn:obj.api.rightnow.com">8</image>
  <interface_id xmlns="urn:obj.api.rightnow.com">1</interface_id>
  <items xmlns="urn:obj.api.rightnow.com" />
  <label xmlns="urn:obj.api.rightnow.com">
    <lbl_item>
      <label>BlueLeapSearch_STD</label>
      <lang_id>16</lang_id>
    </lbl_item>
  </label>
  <nodes xmlns="urn:obj.api.rightnow.com">
    <node_item>
      <branch_col_link_idx xsi:nil="true" />
      <branch_tbl_idx xsi:nil="true" />
      <branch_type xsi:nil="true" />
      <charts />
      <cols>
        <cols_item>
          <calc_units xsi:nil="true" />
          <col_id>1</col_id>
          <col_rf>1</col_rf>
          <comp_opts xsi:nil="true" />
          <data_type>5</data_type>
          <display_order>1</display_order>
          <group_order xsi:nil="true" />
          <max_len xsi:nil="true" />
          <min_vuse>223</min_vuse>
          <opts xsi:nil="true" />
          <rpt_links />
          <sort_direction xsi:nil="true" />
          <sort_order xsi:nil="true" />
          <trend_opts xsi:nil="true" />
          <type>1</type>
          <val>contacts.ph_mobile</val>
          <val_attrs>1</val_attrs>
          <val_col_refs>contacts.ph_mobile;2</val_col_refs>
          <xml_data>&lt;?xml version="1.0" encoding="utf-16"?&gt;
&lt;ColumnXmlData xmlns:xsi="http://www.w3.org/2001/XMLSchema-instance" xmlns:xsd="http://www.w3.org/2001/XMLSchema"&gt;
  &lt;UnitType&gt;Percentage&lt;/UnitType&gt;
  &lt;Header&gt;
    &lt;LabelStr&gt;Mobile Phone&lt;/LabelStr&gt;
  &lt;/Header&gt;
  &lt;Width&gt;11.0262938&lt;/Width&gt;
  &lt;HeaderAlignment&gt;Near&lt;/HeaderAlignment&gt;
  &lt;DataAlignment&gt;Near&lt;/DataAlignment&gt;
  &lt;FormatOptions&gt;DisplayNullValuesBlank&lt;/FormatOptions&gt;
  &lt;URLText /&gt;
  &lt;URLTarget /&gt;
  &lt;Row&gt;0&lt;/Row&gt;
  &lt;RowSpan&gt;1&lt;/RowSpan&gt;
  &lt;Column&gt;0&lt;/Column&gt;
  &lt;ColSpan&gt;1&lt;/ColSpan&gt;
&lt;/ColumnXmlData&gt;</xml_data>
        </cols_item>
        <cols_item>
          <calc_units xsi:nil="true" />
          <col_id>2</col_id>
          <col_rf>2</col_rf>
          <comp_opts xsi:nil="true" />
          <data_type>5</data_type>
          <display_order>2</display_order>
          <group_order xsi:nil="true" />
          <max_len xsi:nil="true" />
          <min_vuse>223</min_vuse>
          <opts xsi:nil="true" />
          <rpt_links />
          <sort_direction xsi:nil="true" />
          <sort_order xsi:nil="true" />
          <trend_opts xsi:nil="true" />
          <type>1</type>
          <val>contacts.ph_home</val>
          <val_attrs>1</val_attrs>
          <val_col_refs>contacts.ph_home;2</val_col_refs>
          <xml_data>&lt;?xml version="1.0" encoding="utf-16"?&gt;
&lt;ColumnXmlData xmlns:xsi="http://www.w3.org/2001/XMLSchema-instance" xmlns:xsd="http://www.w3.org/2001/XMLSchema"&gt;
  &lt;UnitType&gt;Percentage&lt;/UnitType&gt;
  &lt;Header&gt;
    &lt;LabelStr&gt;Home Phone&lt;/LabelStr&gt;
  &lt;/Header&gt;
  &lt;Width&gt;9.923664&lt;/Width&gt;
  &lt;HeaderAlignment&gt;Near&lt;/HeaderAlignment&gt;
  &lt;DataAlignment&gt;Near&lt;/DataAlignment&gt;
  &lt;FormatOptions&gt;DisplayNullValuesBlank&lt;/FormatOptions&gt;
  &lt;URLText /&gt;
  &lt;URLTarget /&gt;
  &lt;Row&gt;1&lt;/Row&gt;
  &lt;RowSpan&gt;1&lt;/RowSpan&gt;
  &lt;Column&gt;0&lt;/Column&gt;
  &lt;ColSpan&gt;1&lt;/ColSpan&gt;
&lt;/ColumnXmlData&gt;</xml_data>
        </cols_item>
        <cols_item>
          <calc_units xsi:nil="true" />
          <col_id>3</col_id>
          <col_rf>3</col_rf>
          <comp_opts xsi:nil="true" />
          <data_type>5</data_type>
          <display_order>3</display_order>
          <group_order xsi:nil="true" />
          <max_len xsi:nil="true" />
          <min_vuse>157</min_vuse>
          <opts xsi:nil="true" />
          <rpt_links />
          <sort_direction xsi:nil="true" />
          <sort_order xsi:nil="true" />
          <trend_opts xsi:nil="true" />
          <type>1</type>
          <val>contacts.full_name</val>
          <val_attrs>17</val_attrs>
          <val_col_refs>contacts.full_name;2</val_col_refs>
          <xml_data>&lt;?xml version="1.0" encoding="utf-16"?&gt;
&lt;ColumnXmlData xmlns:xsi="http://www.w3.org/2001/XMLSchema-instance" xmlns:xsd="http://www.w3.org/2001/XMLSchema"&gt;
  &lt;UnitType&gt;Percentage&lt;/UnitType&gt;
  &lt;Header&gt;
    &lt;LabelStr&gt;Name&lt;/LabelStr&gt;
  &lt;/Header&gt;
  &lt;Width&gt;14.2493639&lt;/Width&gt;
  &lt;HeaderAlignment&gt;Near&lt;/HeaderAlignment&gt;
  &lt;DataAlignment&gt;Near&lt;/DataAlignment&gt;
  &lt;FormatOptions&gt;DisplayNullValuesBlank&lt;/FormatOptions&gt;
  &lt;URLText /&gt;
  &lt;URLTarget /&gt;
  &lt;Row&gt;2&lt;/Row&gt;
  &lt;RowSpan&gt;1&lt;/RowSpan&gt;
  &lt;Column&gt;0&lt;/Column&gt;
  &lt;ColSpan&gt;1&lt;/ColSpan&gt;
&lt;/ColumnXmlData&gt;</xml_data>
        </cols_item>
        <cols_item>
          <calc_units xsi:nil="true" />
          <col_id>4</col_id>
          <col_rf>4</col_rf>
          <comp_opts xsi:nil="true" />
          <data_type>5</data_type>
          <display_order>4</display_order>
          <group_order xsi:nil="true" />
          <max_len xsi:nil="true" />
          <min_vuse>223</min_vuse>
          <opts xsi:nil="true" />
          <rpt_links />
          <sort_direction xsi:nil="true" />
          <sort_order xsi:nil="true" />
          <trend_opts xsi:nil="true" />
          <type>1</type>
          <val>contacts.email</val>
          <val_attrs>1</val_attrs>
          <val_col_refs>contacts.email;2</val_col_refs>
          <xml_data>&lt;?xml version="1.0" encoding="utf-16"?&gt;
&lt;ColumnXmlData xmlns:xsi="http://www.w3.org/2001/XMLSchema-instance" xmlns:xsd="http://www.w3.org/2001/XMLSchema"&gt;
  &lt;UnitType&gt;Percentage&lt;/UnitType&gt;
  &lt;Header&gt;
    &lt;LabelStr&gt;Email&lt;/LabelStr&gt;
  &lt;/Header&gt;
  &lt;Width&gt;14.2493639&lt;/Width&gt;
  &lt;HeaderAlignment&gt;Near&lt;/HeaderAlignment&gt;
  &lt;DataAlignment&gt;Near&lt;/DataAlignment&gt;
  &lt;FormatOptions&gt;DisplayNullValuesBlank&lt;/FormatOptions&gt;
  &lt;Description&gt;
    &lt;LabelId&gt;19084&lt;/LabelId&gt;
  &lt;/Description&gt;
  &lt;URLText /&gt;
  &lt;URLTarget /&gt;
  &lt;Row&gt;3&lt;/Row&gt;
  &lt;RowSpan&gt;1&lt;/RowSpan&gt;
  &lt;Column&gt;0&lt;/Column&gt;
  &lt;ColSpan&gt;1&lt;/ColSpan&gt;
&lt;/ColumnXmlData&gt;</xml_data>
        </cols_item>
        <cols_item>
          <calc_units xsi:nil="true" />
          <col_id>5</col_id>
          <col_rf>5</col_rf>
          <comp_opts xsi:nil="true" />
          <data_type>5</data_type>
          <display_order>5</display_order>
          <group_order xsi:nil="true" />
          <max_len xsi:nil="true" />
          <min_vuse>223</min_vuse>
          <opts xsi:nil="true" />
          <rpt_links />
          <sort_direction xsi:nil="true" />
          <sort_order xsi:nil="true" />
          <trend_opts xsi:nil="true" />
          <type>1</type>
          <val>contacts.street</val>
          <val_attrs>1</val_attrs>
          <val_col_refs>contacts.street;2</val_col_refs>
          <xml_data>&lt;?xml version="1.0" encoding="utf-16"?&gt;
&lt;ColumnXmlData xmlns:xsi="http://www.w3.org/2001/XMLSchema-instance" xmlns:xsd="http://www.w3.org/2001/XMLSchema"&gt;
  &lt;UnitType&gt;Percentage&lt;/UnitType&gt;
  &lt;Header&gt;
    &lt;LabelId&gt;24276&lt;/LabelId&gt;
  &lt;/Header&gt;
  &lt;Width&gt;14.3341818&lt;/Width&gt;
  &lt;HeaderAlignment&gt;Near&lt;/HeaderAlignment&gt;
  &lt;DataAlignment&gt;Near&lt;/DataAlignment&gt;
  &lt;FormatOptions&gt;DisplayNullValuesBlank&lt;/FormatOptions&gt;
  &lt;URLText /&gt;
  &lt;URLTarget /&gt;
  &lt;Row&gt;4&lt;/Row&gt;
  &lt;RowSpan&gt;1&lt;/RowSpan&gt;
  &lt;Column&gt;0&lt;/Column&gt;
  &lt;ColSpan&gt;1&lt;/ColSpan&gt;
&lt;/ColumnXmlData&gt;</xml_data>
        </cols_item>
      </cols>
      <excepts />
      <filters />
      <fltr_expr xsi:nil="true" />
      <group_by_col_idx xsi:nil="true" />
      <group_type>0</group_type>
      <having_expr xsi:nil="true" />
      <having_filters />
      <n_id>1</n_id>
      <opts>0</opts>
      <parent_node_idx xsi:nil="true" />
      <row_limit>100</row_limit>
      <scripts />
      <starting_level xsi:nil="true" />
      <style_id>10</style_id>
      <xml_data>&lt;?xml version="1.0" encoding="utf-16"?&gt;
&lt;NodeXmlData xmlns:xsi="http://www.w3.org/2001/XMLSchema-instance" xmlns:xsd="http://www.w3.org/2001/XMLSchema"&gt;
  &lt;Sections&gt;
    &lt;ReportSection&gt;
      &lt;Height&gt;75&lt;/Height&gt;
      &lt;SectionType&gt;DockedFilters&lt;/SectionType&gt;
      &lt;StyleType&gt;DockedFiltersArea&lt;/StyleType&gt;
      &lt;LayoutType&gt;Fixed&lt;/LayoutType&gt;
      &lt;AutoHeight&gt;false&lt;/AutoHeight&gt;
      &lt;Visible&gt;true&lt;/Visible&gt;
    &lt;/ReportSection&gt;
    &lt;ReportSection&gt;
      &lt;Height&gt;40&lt;/Height&gt;
      &lt;SectionType&gt;PageHeader&lt;/SectionType&gt;
      &lt;StyleType&gt;PageHeader&lt;/StyleType&gt;
      &lt;LayoutType&gt;Fixed&lt;/LayoutType&gt;
      &lt;AutoHeight&gt;false&lt;/AutoHeight&gt;
      &lt;Visible&gt;false&lt;/Visible&gt;
    &lt;/ReportSection&gt;
    &lt;ReportSection&gt;
      &lt;Fields&gt;
        &lt;ReportField xsi:type="ReportTextField"&gt;
          &lt;Padding&gt;
            &lt;Bottom&gt;4&lt;/Bottom&gt;
            &lt;Left&gt;4&lt;/Left&gt;
            &lt;Right&gt;4&lt;/Right&gt;
            &lt;Top&gt;4&lt;/Top&gt;
          &lt;/Padding&gt;
          &lt;StyleType&gt;Title&lt;/StyleType&gt;
          &lt;AnchorStyles&gt;Top Left Right&lt;/AnchorStyles&gt;
          &lt;AutoSize&gt;true&lt;/AutoSize&gt;
          &lt;TextAlign&gt;Near&lt;/TextAlign&gt;
          &lt;LineAlign&gt;Center&lt;/LineAlign&gt;
          &lt;Text /&gt;
          &lt;TextType&gt;Static&lt;/TextType&gt;
        &lt;/ReportField&gt;
      &lt;/Fields&gt;
      &lt;Height&gt;54&lt;/Height&gt;
      &lt;SectionType&gt;ReportHeader&lt;/SectionType&gt;
      &lt;StyleType&gt;ReportHeader&lt;/StyleType&gt;
      &lt;TableLayout&gt;
        &lt;RowStyles&gt;
          &lt;RowStyle&gt;
            &lt;SizeType&gt;AutoSize&lt;/SizeType&gt;
            &lt;Height&gt;0&lt;/Height&gt;
          &lt;/RowStyle&gt;
        &lt;/RowStyles&gt;
        &lt;ColumnStyles&gt;
          &lt;ColumnStyle&gt;
            &lt;SizeType&gt;Percent&lt;/SizeType&gt;
            &lt;Width&gt;100&lt;/Width&gt;
          &lt;/ColumnStyle&gt;
        &lt;/ColumnStyles&gt;
      &lt;/TableLayout&gt;
      &lt;LayoutType&gt;Table&lt;/LayoutType&gt;
      &lt;AutoHeight&gt;true&lt;/AutoHeight&gt;
      &lt;Visible&gt;false&lt;/Visible&gt;
    &lt;/ReportSection&gt;
    &lt;ReportSection&gt;
      &lt;Height&gt;-1&lt;/Height&gt;
      &lt;SectionType&gt;Descriptions&lt;/SectionType&gt;
      &lt;StyleType&gt;DefinitionArea&lt;/StyleType&gt;
      &lt;LayoutType&gt;Fixed&lt;/LayoutType&gt;
      &lt;AutoHeight&gt;false&lt;/AutoHeight&gt;
      &lt;Visible&gt;false&lt;/Visible&gt;
    &lt;/ReportSection&gt;
    &lt;ReportSection&gt;
      &lt;Height&gt;-1&lt;/Height&gt;
      &lt;SectionType&gt;SearchCriteria&lt;/SectionType&gt;
      &lt;StyleType&gt;SearchCriteriaArea&lt;/StyleType&gt;
      &lt;LayoutType&gt;Fixed&lt;/LayoutType&gt;
      &lt;AutoHeight&gt;false&lt;/AutoHeight&gt;
      &lt;Visible&gt;false&lt;/Visible&gt;
    &lt;/ReportSection&gt;
    &lt;ReportSection&gt;
      &lt;Height&gt;300&lt;/Height&gt;
      &lt;SectionType&gt;Charts&lt;/SectionType&gt;
      &lt;StyleType&gt;ChartArea&lt;/StyleType&gt;
      &lt;LayoutType&gt;Fixed&lt;/LayoutType&gt;
      &lt;AutoHeight&gt;false&lt;/AutoHeight&gt;
      &lt;Visible&gt;false&lt;/Visible&gt;
    &lt;/ReportSection&gt;
    &lt;ReportSection&gt;
      &lt;Height&gt;-1&lt;/Height&gt;
      &lt;SectionType&gt;DataArea&lt;/SectionType&gt;
      &lt;StyleType&gt;DataArea&lt;/StyleType&gt;
      &lt;LayoutType&gt;Table&lt;/LayoutType&gt;
      &lt;AutoHeight&gt;false&lt;/AutoHeight&gt;
      &lt;Visible&gt;true&lt;/Visible&gt;
    &lt;/ReportSection&gt;
    &lt;ReportSection&gt;
      &lt;Height&gt;40&lt;/Height&gt;
      &lt;SectionType&gt;ReportFooter&lt;/SectionType&gt;
      &lt;StyleType&gt;ReportFooter&lt;/StyleType&gt;
      &lt;LayoutType&gt;Fixed&lt;/LayoutType&gt;
      &lt;AutoHeight&gt;false&lt;/AutoHeight&gt;
      &lt;Visible&gt;false&lt;/Visible&gt;
    &lt;/ReportSection&gt;
    &lt;ReportSection&gt;
      &lt;Height&gt;-1&lt;/Height&gt;
      &lt;SectionType&gt;Exceptions&lt;/SectionType&gt;
      &lt;StyleType&gt;ExceptionsArea&lt;/StyleType&gt;
      &lt;LayoutType&gt;Fixed&lt;/LayoutType&gt;
      &lt;AutoHeight&gt;false&lt;/AutoHeight&gt;
      &lt;Visible&gt;false&lt;/Visible&gt;
    &lt;/ReportSection&gt;
    &lt;ReportSection&gt;
      &lt;Height&gt;40&lt;/Height&gt;
      &lt;SectionType&gt;PageFooter&lt;/SectionType&gt;
      &lt;StyleType&gt;PageFooter&lt;/StyleType&gt;
      &lt;LayoutType&gt;Fixed&lt;/LayoutType&gt;
      &lt;AutoHeight&gt;false&lt;/AutoHeight&gt;
      &lt;Visible&gt;false&lt;/Visible&gt;
    &lt;/ReportSection&gt;
  &lt;/Sections&gt;
  &lt;PageWidthOptions&gt;
    &lt;WidthType&gt;FitInWindow&lt;/WidthType&gt;
  &lt;/PageWidthOptions&gt;
  &lt;PageReport&gt;false&lt;/PageReport&gt;
  &lt;Name&gt;
    &lt;LabelId&gt;5277&lt;/LabelId&gt;
  &lt;/Name&gt;
  &lt;SearchCriteriaStyle&gt;None&lt;/SearchCriteriaStyle&gt;
  &lt;OutputDescriptionStyle&gt;None&lt;/OutputDescriptionStyle&gt;
  &lt;DisplayOptions&gt;ShowDataAreaAsGrid&lt;/DisplayOptions&gt;
  &lt;RecordCommandLinks&gt;
    &lt;RecordCommandType&gt;Edit&lt;/RecordCommandType&gt;
    &lt;RecordCommandType&gt;Delete&lt;/RecordCommandType&gt;
    &lt;RecordCommandType&gt;Print&lt;/RecordCommandType&gt;
  &lt;/RecordCommandLinks&gt;
  &lt;Description&gt;
    &lt;LabelId&gt;15237&lt;/LabelId&gt;
  &lt;/Description&gt;
  &lt;RowLimitDisplayInSearchCriteria&gt;true&lt;/RowLimitDisplayInSearchCriteria&gt;
  &lt;PageSettings&gt;
    &lt;PrintMargin&gt;Normal&lt;/PrintMargin&gt;
    &lt;Landscape&gt;false&lt;/Landscape&gt;
    &lt;PrintToFit&gt;false&lt;/PrintToFit&gt;
  &lt;/PageSettings&gt;
&lt;/NodeXmlData&gt;</xml_data>
    </node_item>
  </nodes>
  <notes xsi:nil="true" xmlns="urn:obj.api.rightnow.com" />
  <opts xmlns="urn:obj.api.rightnow.com">32804</opts>
  <owner_acct_id xmlns="urn:obj.api.rightnow.com">461618</owner_acct_id>
  <params xmlns="urn:obj.api.rightnow.com" />
  <perms xmlns="urn:obj.api.rightnow.com">
    <perm_item>
      <perms>1</perms>
      <profile_id>11</profile_id>
    </perm_item>
    <perm_item>
      <perms>1</perms>
      <profile_id>21</profile_id>
    </perm_item>
    <perm_item>
      <perms>3</perms>
      <profile_id>35</profile_id>
    </perm_item>
    <perm_item>
      <perms>3</perms>
      <profile_id>47</profile_id>
    </perm_item>
    <perm_item>
      <perms>3</perms>
      <profile_id>55</profile_id>
    </perm_item>
    <perm_item>
      <perms>1</perms>
      <profile_id>57</profile_id>
    </perm_item>
    <perm_item>
      <perms>3</perms>
      <profile_id>71</profile_id>
    </perm_item>
    <perm_item>
      <perms>3</perms>
      <profile_id>74</profile_id>
    </perm_item>
    <perm_item>
      <perms>3</perms>
      <profile_id>91</profile_id>
    </perm_item>
    <perm_item>
      <perms>3</perms>
      <profile_id>92</profile_id>
    </perm_item>
    <perm_item>
      <perms>3</perms>
      <profile_id>93</profile_id>
    </perm_item>
    <perm_item>
      <perms>1</perms>
      <profile_id>97</profile_id>
    </perm_item>
    <perm_item>
      <perms>1</perms>
      <profile_id>99</profile_id>
    </perm_item>
    <perm_item>
      <perms>3</perms>
      <profile_id>102</profile_id>
    </perm_item>
    <perm_item>
      <perms>1</perms>
      <profile_id>113</profile_id>
    </perm_item>
    <perm_item>
      <perms>3</perms>
      <profile_id>118</profile_id>
    </perm_item>
    <perm_item>
      <perms>1</perms>
      <profile_id>122</profile_id>
    </perm_item>
    <perm_item>
      <perms>1</perms>
      <profile_id>134</profile_id>
    </perm_item>
    <perm_item>
      <perms>3</perms>
      <profile_id>138</profile_id>
    </perm_item>
    <perm_item>
      <perms>3</perms>
      <profile_id>140</profile_id>
    </perm_item>
    <perm_item>
      <perms>3</perms>
      <profile_id>143</profile_id>
    </perm_item>
    <perm_item>
      <perms>3</perms>
      <profile_id>150</profile_id>
    </perm_item>
    <perm_item>
      <perms>3</perms>
      <profile_id>156</profile_id>
    </perm_item>
    <perm_item>
      <perms>3</perms>
      <profile_id>159</profile_id>
    </perm_item>
    <perm_item>
      <perms>3</perms>
      <profile_id>160</profile_id>
    </perm_item>
    <perm_item>
      <perms>3</perms>
      <profile_id>161</profile_id>
    </perm_item>
    <perm_item>
      <perms>3</perms>
      <profile_id>169</profile_id>
    </perm_item>
    <perm_item>
      <perms>3</perms>
      <profile_id>172</profile_id>
    </perm_item>
    <perm_item>
      <perms>3</perms>
      <profile_id>174</profile_id>
    </perm_item>
    <perm_item>
      <perms>3</perms>
      <profile_id>179</profile_id>
    </perm_item>
  </perms>
  <rpt xmlns="urn:obj.api.rightnow.com" />
  <run_vals xmlns="urn:obj.api.rightnow.com" />
  <schedules xmlns="urn:obj.api.rightnow.com" />
  <style_id xsi:nil="true" xmlns="urn:obj.api.rightnow.com" />
  <tables xmlns="urn:obj.api.rightnow.com">
    <table_item>
      <alias>contacts</alias>
      <join_def_enum xsi:nil="true" />
      <join_def_idx xsi:nil="true" />
      <join_filters />
      <join_fltr_expr xsi:nil="true" />
      <join_to_tbl_idx xsi:nil="true" />
      <join_type xsi:nil="true" />
      <tbl>2</tbl>
      <tbl_id>1</tbl_id>
    </table_item>
  </tables>
  <time_zone xmlns="urn:obj.api.rightnow.com">2</time_zone>
  <updated xmlns="urn:obj.api.rightnow.com">2018-07-02T05:46:32Z</updated>
  <version xmlns="urn:obj.api.rightnow.com">0</version>
  <version_detail xmlns="urn:obj.api.rightnow.com">
    <is_live>true</is_live>
  </version_detail>
  <xml_data xmlns="urn:obj.api.rightnow.com">&lt;?xml version="1.0" encoding="utf-16"?&gt;
&lt;AnalyticsCoreXmlData xmlns:xsi="http://www.w3.org/2001/XMLSchema-instance" xmlns:xsd="http://www.w3.org/2001/XMLSchema"&gt;
  &lt;AutoRefreshOptions /&gt;
  &lt;FilterLayoutInfo&gt;
    &lt;FilterLayoutInfo&gt;
      &lt;AppliesTo&gt;WindowSize&lt;/AppliesTo&gt;
      &lt;Index&gt;-1&lt;/Index&gt;
      &lt;Width&gt;718&lt;/Width&gt;
      &lt;Height&gt;408&lt;/Height&gt;
      &lt;PanelIndex&gt;-1&lt;/PanelIndex&gt;
      &lt;Modified&gt;true&lt;/Modified&gt;
    &lt;/FilterLayoutInfo&gt;
  &lt;/FilterLayoutInfo&gt;
&lt;/AnalyticsCoreXmlData&gt;</xml_data>
  <xml_report xsi:nil="true" xmlns="urn:obj.api.rightnow.com" />
</analytics_core>
Version: 
bItd2fcmzKqh4aVSv99gOTYyVdl0XSX/hb0=
