<?xml version="1.0" encoding="utf-8"?>
<analytics_core xmlns:xsi="http://www.w3.org/2001/XMLSchema-instance" xmlns:xsd="http://www.w3.org/2001/XMLSchema">
  <ac_id xmlns="urn:obj.api.rightnow.com">111360</ac_id>
  <ac_public xmlns="urn:obj.api.rightnow.com">true</ac_public>
  <ac_type xmlns="urn:obj.api.rightnow.com">1</ac_type>
  <aux xmlns="urn:obj.api.rightnow.com">1.0.10123,1.0.10121,1.0.2,1.31.2,1.0.10122,1.0.1,1.0.24</aux>
  <cdate_offset xsi:nil="true" xmlns="urn:obj.api.rightnow.com" />
  <co_version xsi:nil="true" xmlns="urn:obj.api.rightnow.com" />
  <created xmlns="urn:obj.api.rightnow.com">2018-09-13T02:23:55Z</created>
  <file_id xsi:nil="true" xmlns="urn:obj.api.rightnow.com" />
  <filters xmlns="urn:obj.api.rightnow.com">
    <filter_item>
      <applies_to xsi:nil="true" />
      <data_type>4</data_type>
      <fltr_id>1</fltr_id>
      <oper>9</oper>
      <optl_id xsi:nil="true" />
      <opts>1</opts>
      <revision>1</revision>
      <type>1</type>
      <val1>BlueLeapCTI$InteractionLog.CreatedTime</val1>
      <val1_attrs>1</val1_attrs>
      <val1_col_refs>BlueLeapCTI$InteractionLog.CreatedTime;10123</val1_col_refs>
      <val2>DATE_ADD(SYSDATE(), -1, MONTHS, 0)|DATE_ADD(SYSDATE(), 0, MONTHS, 0)</val2>
      <val2_col_refs xsi:nil="true" />
      <xml_data>&lt;?xml version="1.0" encoding="utf-16"?&gt;
&lt;FilterXmlData xmlns:xsi="http://www.w3.org/2001/XMLSchema-instance" xmlns:xsd="http://www.w3.org/2001/XMLSchema"&gt;
  &lt;Prompt&gt;
    &lt;LabelStr&gt;Select Dates&lt;/LabelStr&gt;
  &lt;/Prompt&gt;
  &lt;Name&gt;
    &lt;LabelStr&gt;Select Dates&lt;/LabelStr&gt;
  &lt;/Name&gt;
  &lt;DisplayInSearchCriteria&gt;true&lt;/DisplayInSearchCriteria&gt;
&lt;/FilterXmlData&gt;</xml_data>
    </filter_item>
  </filters>
  <fltr_expr xmlns="urn:obj.api.rightnow.com">1</fltr_expr>
  <folder_id xmlns="urn:obj.api.rightnow.com">118264</folder_id>
  <image xmlns="urn:obj.api.rightnow.com">8</image>
  <interface_id xmlns="urn:obj.api.rightnow.com">1</interface_id>
  <items xmlns="urn:obj.api.rightnow.com" />
  <label xmlns="urn:obj.api.rightnow.com">
    <lbl_item>
      <label>InteractionLog</label>
      <lang_id>16</lang_id>
    </lbl_item>
  </label>
  <nodes xmlns="urn:obj.api.rightnow.com">
    <node_item>
      <branch_col_link_idx xsi:nil="true" />
      <branch_tbl_idx xsi:nil="true" />
      <branch_type xsi:nil="true" />
      <charts />
      <cols>
        <cols_item>
          <calc_units xsi:nil="true" />
          <col_id>1</col_id>
          <col_rf>1</col_rf>
          <comp_opts xsi:nil="true" />
          <data_type>4</data_type>
          <display_order>1</display_order>
          <group_order xsi:nil="true" />
          <max_len xsi:nil="true" />
          <min_vuse>223</min_vuse>
          <opts xsi:nil="true" />
          <rpt_links />
          <sort_direction>2</sort_direction>
          <sort_order>1</sort_order>
          <trend_opts xsi:nil="true" />
          <type>1</type>
          <val>BlueLeapCTI$InteractionLog.CreatedTime</val>
          <val_attrs>1</val_attrs>
          <val_col_refs>BlueLeapCTI$InteractionLog.CreatedTime;10123</val_col_refs>
          <xml_data>&lt;?xml version="1.0" encoding="utf-16"?&gt;
&lt;ColumnXmlData xmlns:xsi="http://www.w3.org/2001/XMLSchema-instance" xmlns:xsd="http://www.w3.org/2001/XMLSchema"&gt;
  &lt;UnitType&gt;Auto&lt;/UnitType&gt;
  &lt;Header&gt;
    &lt;LabelStr&gt;Date&lt;/LabelStr&gt;
  &lt;/Header&gt;
  &lt;HeaderAlignment&gt;Near&lt;/HeaderAlignment&gt;
  &lt;DataAlignment&gt;Near&lt;/DataAlignment&gt;
  &lt;DateFormatType&gt;DateTime&lt;/DateFormatType&gt;
&lt;/ColumnXmlData&gt;</xml_data>
        </cols_item>
        <cols_item>
          <calc_units xsi:nil="true" />
          <col_id>2</col_id>
          <col_rf>2</col_rf>
          <comp_opts xsi:nil="true" />
          <data_type>1</data_type>
          <display_order>2</display_order>
          <group_order xsi:nil="true" />
          <max_len xsi:nil="true" />
          <min_vuse>223</min_vuse>
          <opts xsi:nil="true" />
          <rpt_links />
          <sort_direction xsi:nil="true" />
          <sort_order xsi:nil="true" />
          <trend_opts xsi:nil="true" />
          <type>1</type>
          <val>BlueLeapCTI$InteractionLog.CallSource</val>
          <val_attrs>1</val_attrs>
          <val_col_refs>BlueLeapCTI$InteractionLog.CallSource;10123</val_col_refs>
          <xml_data>&lt;?xml version="1.0" encoding="utf-16"?&gt;
&lt;ColumnXmlData xmlns:xsi="http://www.w3.org/2001/XMLSchema-instance" xmlns:xsd="http://www.w3.org/2001/XMLSchema"&gt;
  &lt;UnitType&gt;Percentage&lt;/UnitType&gt;
  &lt;Header&gt;
    &lt;LabelStr&gt;Source&lt;/LabelStr&gt;
  &lt;/Header&gt;
  &lt;Width&gt;5.15320349&lt;/Width&gt;
  &lt;HeaderAlignment&gt;Near&lt;/HeaderAlignment&gt;
  &lt;DataAlignment&gt;Near&lt;/DataAlignment&gt;
  &lt;FormatOptions&gt;DisplayNullValuesBlank&lt;/FormatOptions&gt;
&lt;/ColumnXmlData&gt;</xml_data>
        </cols_item>
        <cols_item>
          <calc_units xsi:nil="true" />
          <col_id>3</col_id>
          <col_rf>3</col_rf>
          <comp_opts xsi:nil="true" />
          <data_type>1</data_type>
          <display_order>3</display_order>
          <group_order xsi:nil="true" />
          <max_len xsi:nil="true" />
          <min_vuse>223</min_vuse>
          <opts xsi:nil="true" />
          <rpt_links />
          <sort_direction xsi:nil="true" />
          <sort_order xsi:nil="true" />
          <trend_opts xsi:nil="true" />
          <type>1</type>
          <val>BlueLeapCTI$InteractionLog.CallStatus</val>
          <val_attrs>1</val_attrs>
          <val_col_refs>BlueLeapCTI$InteractionLog.CallStatus;10123</val_col_refs>
          <xml_data>&lt;?xml version="1.0" encoding="utf-16"?&gt;
&lt;ColumnXmlData xmlns:xsi="http://www.w3.org/2001/XMLSchema-instance" xmlns:xsd="http://www.w3.org/2001/XMLSchema"&gt;
  &lt;UnitType&gt;Percentage&lt;/UnitType&gt;
  &lt;Header&gt;
    &lt;LabelStr&gt;Status&lt;/LabelStr&gt;
  &lt;/Header&gt;
  &lt;Width&gt;4.4568243&lt;/Width&gt;
  &lt;HeaderAlignment&gt;Near&lt;/HeaderAlignment&gt;
  &lt;DataAlignment&gt;Near&lt;/DataAlignment&gt;
  &lt;FormatOptions&gt;DisplayNullValuesBlank&lt;/FormatOptions&gt;
&lt;/ColumnXmlData&gt;</xml_data>
        </cols_item>
        <cols_item>
          <calc_units xsi:nil="true" />
          <col_id>4</col_id>
          <col_rf>4</col_rf>
          <comp_opts xsi:nil="true" />
          <data_type>5</data_type>
          <display_order>4</display_order>
          <group_order xsi:nil="true" />
          <max_len xsi:nil="true" />
          <min_vuse>223</min_vuse>
          <opts xsi:nil="true" />
          <rpt_links />
          <sort_direction xsi:nil="true" />
          <sort_order xsi:nil="true" />
          <trend_opts xsi:nil="true" />
          <type>1</type>
          <val>BlueLeapCTI$InteractionLog.Agent</val>
          <val_attrs>1</val_attrs>
          <val_col_refs>BlueLeapCTI$InteractionLog.Agent;10123</val_col_refs>
          <xml_data>&lt;?xml version="1.0" encoding="utf-16"?&gt;
&lt;ColumnXmlData xmlns:xsi="http://www.w3.org/2001/XMLSchema-instance" xmlns:xsd="http://www.w3.org/2001/XMLSchema"&gt;
  &lt;UnitType&gt;Percentage&lt;/UnitType&gt;
  &lt;Header&gt;
    &lt;LabelStr&gt;AgentName&lt;/LabelStr&gt;
  &lt;/Header&gt;
  &lt;Width&gt;4.247911&lt;/Width&gt;
  &lt;HeaderAlignment&gt;Near&lt;/HeaderAlignment&gt;
  &lt;DataAlignment&gt;Near&lt;/DataAlignment&gt;
  &lt;FormatOptions&gt;DisplayNullValuesBlank&lt;/FormatOptions&gt;
&lt;/ColumnXmlData&gt;</xml_data>
        </cols_item>
        <cols_item>
          <calc_units xsi:nil="true" />
          <col_id>5</col_id>
          <col_rf>5</col_rf>
          <comp_opts xsi:nil="true" />
          <data_type>3</data_type>
          <display_order>5</display_order>
          <group_order xsi:nil="true" />
          <max_len xsi:nil="true" />
          <min_vuse>223</min_vuse>
          <opts xsi:nil="true" />
          <rpt_links />
          <sort_direction xsi:nil="true" />
          <sort_order xsi:nil="true" />
          <trend_opts xsi:nil="true" />
          <type>1</type>
          <val>BlueLeapCTI$InteractionLog.Agent_id</val>
          <val_attrs>1</val_attrs>
          <val_col_refs>BlueLeapCTI$InteractionLog.Agent_id;10123</val_col_refs>
          <xml_data>&lt;?xml version="1.0" encoding="utf-16"?&gt;
&lt;ColumnXmlData xmlns:xsi="http://www.w3.org/2001/XMLSchema-instance" xmlns:xsd="http://www.w3.org/2001/XMLSchema"&gt;
  &lt;UnitType&gt;Auto&lt;/UnitType&gt;
  &lt;Header&gt;
    &lt;LabelStr&gt;AgentID&lt;/LabelStr&gt;
  &lt;/Header&gt;
  &lt;NumberFormat&gt;
    &lt;NumberType&gt;Number&lt;/NumberType&gt;
  &lt;/NumberFormat&gt;
  &lt;HeaderAlignment&gt;Far&lt;/HeaderAlignment&gt;
  &lt;DataAlignment&gt;Far&lt;/DataAlignment&gt;
  &lt;FormatOptions&gt;DisplayNullValuesBlank&lt;/FormatOptions&gt;
&lt;/ColumnXmlData&gt;</xml_data>
        </cols_item>
        <cols_item>
          <calc_units xsi:nil="true" />
          <col_id>6</col_id>
          <col_rf>6</col_rf>
          <comp_opts xsi:nil="true" />
          <data_type>3</data_type>
          <display_order>6</display_order>
          <group_order xsi:nil="true" />
          <max_len xsi:nil="true" />
          <min_vuse>223</min_vuse>
          <opts xsi:nil="true" />
          <rpt_links />
          <sort_direction xsi:nil="true" />
          <sort_order xsi:nil="true" />
          <trend_opts xsi:nil="true" />
          <type>1</type>
          <val>BlueLeapCTI$InteractionLog.Student_id</val>
          <val_attrs>1</val_attrs>
          <val_col_refs>BlueLeapCTI$InteractionLog.Student_id;10123</val_col_refs>
          <xml_data>&lt;?xml version="1.0" encoding="utf-16"?&gt;
&lt;ColumnXmlData xmlns:xsi="http://www.w3.org/2001/XMLSchema-instance" xmlns:xsd="http://www.w3.org/2001/XMLSchema"&gt;
  &lt;UnitType&gt;Auto&lt;/UnitType&gt;
  &lt;Header&gt;
    &lt;LabelStr&gt;StudentID&lt;/LabelStr&gt;
  &lt;/Header&gt;
  &lt;NumberFormat&gt;
    &lt;NumberType&gt;Number&lt;/NumberType&gt;
  &lt;/NumberFormat&gt;
  &lt;HeaderAlignment&gt;Far&lt;/HeaderAlignment&gt;
  &lt;DataAlignment&gt;Far&lt;/DataAlignment&gt;
  &lt;FormatOptions&gt;DisplayNullValuesBlank&lt;/FormatOptions&gt;
&lt;/ColumnXmlData&gt;</xml_data>
        </cols_item>
        <cols_item>
          <calc_units xsi:nil="true" />
          <col_id>7</col_id>
          <col_rf>7</col_rf>
          <comp_opts xsi:nil="true" />
          <data_type>3</data_type>
          <display_order>7</display_order>
          <group_order xsi:nil="true" />
          <max_len xsi:nil="true" />
          <min_vuse>223</min_vuse>
          <opts xsi:nil="true" />
          <rpt_links />
          <sort_direction xsi:nil="true" />
          <sort_order xsi:nil="true" />
          <trend_opts xsi:nil="true" />
          <type>1</type>
          <val>BlueLeapCTI$InteractionLog.Contact_id</val>
          <val_attrs>1</val_attrs>
          <val_col_refs>BlueLeapCTI$InteractionLog.Contact_id;10123</val_col_refs>
          <xml_data>&lt;?xml version="1.0" encoding="utf-16"?&gt;
&lt;ColumnXmlData xmlns:xsi="http://www.w3.org/2001/XMLSchema-instance" xmlns:xsd="http://www.w3.org/2001/XMLSchema"&gt;
  &lt;UnitType&gt;Auto&lt;/UnitType&gt;
  &lt;Header&gt;
    &lt;LabelStr&gt;ContactID&lt;/LabelStr&gt;
  &lt;/Header&gt;
  &lt;NumberFormat&gt;
    &lt;NumberType&gt;Number&lt;/NumberType&gt;
  &lt;/NumberFormat&gt;
  &lt;HeaderAlignment&gt;Far&lt;/HeaderAlignment&gt;
  &lt;DataAlignment&gt;Far&lt;/DataAlignment&gt;
  &lt;FormatOptions&gt;DisplayNullValuesBlank&lt;/FormatOptions&gt;
&lt;/ColumnXmlData&gt;</xml_data>
        </cols_item>
        <cols_item>
          <calc_units xsi:nil="true" />
          <col_id>8</col_id>
          <col_rf>8</col_rf>
          <comp_opts xsi:nil="true" />
          <data_type>3</data_type>
          <display_order>8</display_order>
          <group_order xsi:nil="true" />
          <max_len xsi:nil="true" />
          <min_vuse>223</min_vuse>
          <opts xsi:nil="true" />
          <rpt_links />
          <sort_direction xsi:nil="true" />
          <sort_order xsi:nil="true" />
          <trend_opts xsi:nil="true" />
          <type>1</type>
          <val>BlueLeapCTI$InteractionLog.Incident_id</val>
          <val_attrs>1</val_attrs>
          <val_col_refs>BlueLeapCTI$InteractionLog.Incident_id;10123</val_col_refs>
          <xml_data>&lt;?xml version="1.0" encoding="utf-16"?&gt;
&lt;ColumnXmlData xmlns:xsi="http://www.w3.org/2001/XMLSchema-instance" xmlns:xsd="http://www.w3.org/2001/XMLSchema"&gt;
  &lt;UnitType&gt;Auto&lt;/UnitType&gt;
  &lt;Header&gt;
    &lt;LabelStr&gt;IncidentID&lt;/LabelStr&gt;
  &lt;/Header&gt;
  &lt;NumberFormat&gt;
    &lt;NumberType&gt;Number&lt;/NumberType&gt;
  &lt;/NumberFormat&gt;
  &lt;HeaderAlignment&gt;Far&lt;/HeaderAlignment&gt;
  &lt;DataAlignment&gt;Far&lt;/DataAlignment&gt;
  &lt;FormatOptions&gt;DisplayNullValuesBlank&lt;/FormatOptions&gt;
&lt;/ColumnXmlData&gt;</xml_data>
        </cols_item>
        <cols_item>
          <calc_units xsi:nil="true" />
          <col_id>9</col_id>
          <col_rf>9</col_rf>
          <comp_opts xsi:nil="true" />
          <data_type>5</data_type>
          <display_order>9</display_order>
          <group_order xsi:nil="true" />
          <max_len xsi:nil="true" />
          <min_vuse>223</min_vuse>
          <opts xsi:nil="true" />
          <rpt_links />
          <sort_direction xsi:nil="true" />
          <sort_order xsi:nil="true" />
          <trend_opts xsi:nil="true" />
          <type>1</type>
          <val>BlueLeapCTI$InteractionLog.IncomingNumber</val>
          <val_attrs>1</val_attrs>
          <val_col_refs>BlueLeapCTI$InteractionLog.IncomingNumber;10123</val_col_refs>
          <xml_data>&lt;?xml version="1.0" encoding="utf-16"?&gt;
&lt;ColumnXmlData xmlns:xsi="http://www.w3.org/2001/XMLSchema-instance" xmlns:xsd="http://www.w3.org/2001/XMLSchema"&gt;
  &lt;UnitType&gt;Percentage&lt;/UnitType&gt;
  &lt;Header&gt;
    &lt;LabelStr&gt;Incoming&lt;/LabelStr&gt;
  &lt;/Header&gt;
  &lt;Width&gt;8.008356&lt;/Width&gt;
  &lt;HeaderAlignment&gt;Near&lt;/HeaderAlignment&gt;
  &lt;DataAlignment&gt;Near&lt;/DataAlignment&gt;
  &lt;FormatOptions&gt;DisplayNullValuesBlank&lt;/FormatOptions&gt;
  &lt;URLText /&gt;
  &lt;URLTarget /&gt;
&lt;/ColumnXmlData&gt;</xml_data>
        </cols_item>
        <cols_item>
          <calc_units xsi:nil="true" />
          <col_id>10</col_id>
          <col_rf>10</col_rf>
          <comp_opts xsi:nil="true" />
          <data_type>5</data_type>
          <display_order>10</display_order>
          <group_order xsi:nil="true" />
          <max_len xsi:nil="true" />
          <min_vuse>223</min_vuse>
          <opts xsi:nil="true" />
          <rpt_links />
          <sort_direction xsi:nil="true" />
          <sort_order xsi:nil="true" />
          <trend_opts xsi:nil="true" />
          <type>1</type>
          <val>BlueLeapCTI$InteractionLog.OutgoingNumber</val>
          <val_attrs>1</val_attrs>
          <val_col_refs>BlueLeapCTI$InteractionLog.OutgoingNumber;10123</val_col_refs>
          <xml_data>&lt;?xml version="1.0" encoding="utf-16"?&gt;
&lt;ColumnXmlData xmlns:xsi="http://www.w3.org/2001/XMLSchema-instance" xmlns:xsd="http://www.w3.org/2001/XMLSchema"&gt;
  &lt;UnitType&gt;Percentage&lt;/UnitType&gt;
  &lt;Header&gt;
    &lt;LabelStr&gt;Outgoing&lt;/LabelStr&gt;
  &lt;/Header&gt;
  &lt;Width&gt;7.381616&lt;/Width&gt;
  &lt;HeaderAlignment&gt;Near&lt;/HeaderAlignment&gt;
  &lt;DataAlignment&gt;Near&lt;/DataAlignment&gt;
  &lt;FormatOptions&gt;DisplayNullValuesBlank&lt;/FormatOptions&gt;
  &lt;URLText /&gt;
  &lt;URLTarget /&gt;
&lt;/ColumnXmlData&gt;</xml_data>
        </cols_item>
        <cols_item>
          <calc_units xsi:nil="true" />
          <col_id>11</col_id>
          <col_rf>11</col_rf>
          <comp_opts xsi:nil="true" />
          <data_type>4</data_type>
          <display_order>11</display_order>
          <group_order xsi:nil="true" />
          <max_len xsi:nil="true" />
          <min_vuse>223</min_vuse>
          <opts xsi:nil="true" />
          <rpt_links />
          <sort_direction xsi:nil="true" />
          <sort_order xsi:nil="true" />
          <trend_opts xsi:nil="true" />
          <type>1</type>
          <val>BlueLeapCTI$InteractionLog.Start</val>
          <val_attrs>1</val_attrs>
          <val_col_refs>BlueLeapCTI$InteractionLog.Start;10123</val_col_refs>
          <xml_data>&lt;?xml version="1.0" encoding="utf-16"?&gt;
&lt;ColumnXmlData xmlns:xsi="http://www.w3.org/2001/XMLSchema-instance" xmlns:xsd="http://www.w3.org/2001/XMLSchema"&gt;
  &lt;UnitType&gt;Percentage&lt;/UnitType&gt;
  &lt;Header&gt;
    &lt;LabelStr&gt;Start&lt;/LabelStr&gt;
  &lt;/Header&gt;
  &lt;Width&gt;9.192201&lt;/Width&gt;
  &lt;HeaderAlignment&gt;Near&lt;/HeaderAlignment&gt;
  &lt;DataAlignment&gt;Near&lt;/DataAlignment&gt;
  &lt;DateFormatType&gt;DateTime&lt;/DateFormatType&gt;
&lt;/ColumnXmlData&gt;</xml_data>
        </cols_item>
        <cols_item>
          <calc_units xsi:nil="true" />
          <col_id>12</col_id>
          <col_rf>12</col_rf>
          <comp_opts xsi:nil="true" />
          <data_type>4</data_type>
          <display_order>12</display_order>
          <group_order xsi:nil="true" />
          <max_len xsi:nil="true" />
          <min_vuse>223</min_vuse>
          <opts xsi:nil="true" />
          <rpt_links />
          <sort_direction xsi:nil="true" />
          <sort_order xsi:nil="true" />
          <trend_opts xsi:nil="true" />
          <type>1</type>
          <val>BlueLeapCTI$InteractionLog.Finish</val>
          <val_attrs>1</val_attrs>
          <val_col_refs>BlueLeapCTI$InteractionLog.Finish;10123</val_col_refs>
          <xml_data>&lt;?xml version="1.0" encoding="utf-16"?&gt;
&lt;ColumnXmlData xmlns:xsi="http://www.w3.org/2001/XMLSchema-instance" xmlns:xsd="http://www.w3.org/2001/XMLSchema"&gt;
  &lt;UnitType&gt;Percentage&lt;/UnitType&gt;
  &lt;Header&gt;
    &lt;LabelStr&gt;Finish&lt;/LabelStr&gt;
  &lt;/Header&gt;
  &lt;Width&gt;8.983287&lt;/Width&gt;
  &lt;HeaderAlignment&gt;Near&lt;/HeaderAlignment&gt;
  &lt;DataAlignment&gt;Near&lt;/DataAlignment&gt;
  &lt;DateFormatType&gt;DateTime&lt;/DateFormatType&gt;
&lt;/ColumnXmlData&gt;</xml_data>
        </cols_item>
        <cols_item>
          <calc_units xsi:nil="true" />
          <col_id>13</col_id>
          <col_rf>13</col_rf>
          <comp_opts xsi:nil="true" />
          <data_type>3</data_type>
          <display_order>13</display_order>
          <group_order xsi:nil="true" />
          <max_len xsi:nil="true" />
          <min_vuse>223</min_vuse>
          <opts xsi:nil="true" />
          <rpt_links />
          <sort_direction xsi:nil="true" />
          <sort_order xsi:nil="true" />
          <trend_opts xsi:nil="true" />
          <type>1</type>
          <val>BlueLeapCTI$InteractionLog.Duration</val>
          <val_attrs>1</val_attrs>
          <val_col_refs>BlueLeapCTI$InteractionLog.Duration;10123</val_col_refs>
          <xml_data>&lt;?xml version="1.0" encoding="utf-16"?&gt;
&lt;ColumnXmlData xmlns:xsi="http://www.w3.org/2001/XMLSchema-instance" xmlns:xsd="http://www.w3.org/2001/XMLSchema"&gt;
  &lt;UnitType&gt;Percentage&lt;/UnitType&gt;
  &lt;Header&gt;
    &lt;LabelStr&gt;Duration&lt;/LabelStr&gt;
  &lt;/Header&gt;
  &lt;NumberFormat&gt;
    &lt;NumberType&gt;Number&lt;/NumberType&gt;
  &lt;/NumberFormat&gt;
  &lt;Width&gt;4.874652&lt;/Width&gt;
  &lt;HeaderAlignment&gt;Far&lt;/HeaderAlignment&gt;
  &lt;DataAlignment&gt;Far&lt;/DataAlignment&gt;
  &lt;FormatOptions&gt;DisplayNullValuesBlank&lt;/FormatOptions&gt;
&lt;/ColumnXmlData&gt;</xml_data>
        </cols_item>
        <cols_item>
          <calc_units xsi:nil="true" />
          <col_id>14</col_id>
          <col_rf>14</col_rf>
          <comp_opts xsi:nil="true" />
          <data_type>5</data_type>
          <display_order>14</display_order>
          <group_order xsi:nil="true" />
          <max_len xsi:nil="true" />
          <min_vuse>223</min_vuse>
          <opts xsi:nil="true" />
          <rpt_links />
          <sort_direction xsi:nil="true" />
          <sort_order xsi:nil="true" />
          <trend_opts xsi:nil="true" />
          <type>1</type>
          <val>BlueLeapCTI$InteractionLog.CV1</val>
          <val_attrs>1</val_attrs>
          <val_col_refs>BlueLeapCTI$InteractionLog.CV1;10123</val_col_refs>
          <xml_data>&lt;?xml version="1.0" encoding="utf-16"?&gt;
&lt;ColumnXmlData xmlns:xsi="http://www.w3.org/2001/XMLSchema-instance" xmlns:xsd="http://www.w3.org/2001/XMLSchema"&gt;
  &lt;UnitType&gt;Percentage&lt;/UnitType&gt;
  &lt;Header&gt;
    &lt;LabelStr&gt;CV1&lt;/LabelStr&gt;
  &lt;/Header&gt;
  &lt;Width&gt;2.50696373&lt;/Width&gt;
  &lt;HeaderAlignment&gt;Near&lt;/HeaderAlignment&gt;
  &lt;DataAlignment&gt;Near&lt;/DataAlignment&gt;
  &lt;FormatOptions&gt;DisplayNullValuesBlank&lt;/FormatOptions&gt;
&lt;/ColumnXmlData&gt;</xml_data>
        </cols_item>
        <cols_item>
          <calc_units xsi:nil="true" />
          <col_id>15</col_id>
          <col_rf>15</col_rf>
          <comp_opts xsi:nil="true" />
          <data_type>5</data_type>
          <display_order>15</display_order>
          <group_order xsi:nil="true" />
          <max_len xsi:nil="true" />
          <min_vuse>223</min_vuse>
          <opts xsi:nil="true" />
          <rpt_links />
          <sort_direction xsi:nil="true" />
          <sort_order xsi:nil="true" />
          <trend_opts xsi:nil="true" />
          <type>1</type>
          <val>BlueLeapCTI$InteractionLog.CV2</val>
          <val_attrs>1</val_attrs>
          <val_col_refs>BlueLeapCTI$InteractionLog.CV2;10123</val_col_refs>
          <xml_data>&lt;?xml version="1.0" encoding="utf-16"?&gt;
&lt;ColumnXmlData xmlns:xsi="http://www.w3.org/2001/XMLSchema-instance" xmlns:xsd="http://www.w3.org/2001/XMLSchema"&gt;
  &lt;UnitType&gt;Percentage&lt;/UnitType&gt;
  &lt;Header&gt;
    &lt;LabelStr&gt;CV2&lt;/LabelStr&gt;
  &lt;/Header&gt;
  &lt;Width&gt;2.50696373&lt;/Width&gt;
  &lt;HeaderAlignment&gt;Near&lt;/HeaderAlignment&gt;
  &lt;DataAlignment&gt;Near&lt;/DataAlignment&gt;
  &lt;FormatOptions&gt;DisplayNullValuesBlank&lt;/FormatOptions&gt;
&lt;/ColumnXmlData&gt;</xml_data>
        </cols_item>
        <cols_item>
          <calc_units xsi:nil="true" />
          <col_id>16</col_id>
          <col_rf>16</col_rf>
          <comp_opts xsi:nil="true" />
          <data_type>5</data_type>
          <display_order>16</display_order>
          <group_order xsi:nil="true" />
          <max_len xsi:nil="true" />
          <min_vuse>223</min_vuse>
          <opts xsi:nil="true" />
          <rpt_links />
          <sort_direction xsi:nil="true" />
          <sort_order xsi:nil="true" />
          <trend_opts xsi:nil="true" />
          <type>1</type>
          <val>BlueLeapCTI$InteractionLog.CV3</val>
          <val_attrs>1</val_attrs>
          <val_col_refs>BlueLeapCTI$InteractionLog.CV3;10123</val_col_refs>
          <xml_data>&lt;?xml version="1.0" encoding="utf-16"?&gt;
&lt;ColumnXmlData xmlns:xsi="http://www.w3.org/2001/XMLSchema-instance" xmlns:xsd="http://www.w3.org/2001/XMLSchema"&gt;
  &lt;UnitType&gt;Percentage&lt;/UnitType&gt;
  &lt;Header&gt;
    &lt;LabelStr&gt;CV3&lt;/LabelStr&gt;
  &lt;/Header&gt;
  &lt;Width&gt;2.50696373&lt;/Width&gt;
  &lt;HeaderAlignment&gt;Near&lt;/HeaderAlignment&gt;
  &lt;DataAlignment&gt;Near&lt;/DataAlignment&gt;
  &lt;FormatOptions&gt;DisplayNullValuesBlank&lt;/FormatOptions&gt;
&lt;/ColumnXmlData&gt;</xml_data>
        </cols_item>
        <cols_item>
          <calc_units xsi:nil="true" />
          <col_id>17</col_id>
          <col_rf>17</col_rf>
          <comp_opts xsi:nil="true" />
          <data_type>5</data_type>
          <display_order>17</display_order>
          <group_order xsi:nil="true" />
          <max_len xsi:nil="true" />
          <min_vuse>223</min_vuse>
          <opts xsi:nil="true" />
          <rpt_links />
          <sort_direction xsi:nil="true" />
          <sort_order xsi:nil="true" />
          <trend_opts xsi:nil="true" />
          <type>1</type>
          <val>BlueLeapCTI$InteractionLog.CV4</val>
          <val_attrs>1</val_attrs>
          <val_col_refs>BlueLeapCTI$InteractionLog.CV4;10123</val_col_refs>
          <xml_data>&lt;?xml version="1.0" encoding="utf-16"?&gt;
&lt;ColumnXmlData xmlns:xsi="http://www.w3.org/2001/XMLSchema-instance" xmlns:xsd="http://www.w3.org/2001/XMLSchema"&gt;
  &lt;UnitType&gt;Percentage&lt;/UnitType&gt;
  &lt;Header&gt;
    &lt;LabelStr&gt;CV4&lt;/LabelStr&gt;
  &lt;/Header&gt;
  &lt;Width&gt;2.50696373&lt;/Width&gt;
  &lt;HeaderAlignment&gt;Near&lt;/HeaderAlignment&gt;
  &lt;DataAlignment&gt;Near&lt;/DataAlignment&gt;
  &lt;FormatOptions&gt;DisplayNullValuesBlank&lt;/FormatOptions&gt;
&lt;/ColumnXmlData&gt;</xml_data>
        </cols_item>
        <cols_item>
          <calc_units xsi:nil="true" />
          <col_id>18</col_id>
          <col_rf>18</col_rf>
          <comp_opts xsi:nil="true" />
          <data_type>5</data_type>
          <display_order>18</display_order>
          <group_order xsi:nil="true" />
          <max_len xsi:nil="true" />
          <min_vuse>223</min_vuse>
          <opts xsi:nil="true" />
          <rpt_links />
          <sort_direction xsi:nil="true" />
          <sort_order xsi:nil="true" />
          <trend_opts xsi:nil="true" />
          <type>1</type>
          <val>BlueLeapCTI$InteractionLog.CV5</val>
          <val_attrs>1</val_attrs>
          <val_col_refs>BlueLeapCTI$InteractionLog.CV5;10123</val_col_refs>
          <xml_data>&lt;?xml version="1.0" encoding="utf-16"?&gt;
&lt;ColumnXmlData xmlns:xsi="http://www.w3.org/2001/XMLSchema-instance" xmlns:xsd="http://www.w3.org/2001/XMLSchema"&gt;
  &lt;UnitType&gt;Percentage&lt;/UnitType&gt;
  &lt;Header&gt;
    &lt;LabelStr&gt;CV5&lt;/LabelStr&gt;
  &lt;/Header&gt;
  &lt;Width&gt;2.50696373&lt;/Width&gt;
  &lt;HeaderAlignment&gt;Near&lt;/HeaderAlignment&gt;
  &lt;DataAlignment&gt;Near&lt;/DataAlignment&gt;
  &lt;FormatOptions&gt;DisplayNullValuesBlank&lt;/FormatOptions&gt;
&lt;/ColumnXmlData&gt;</xml_data>
        </cols_item>
        <cols_item>
          <calc_units xsi:nil="true" />
          <col_id>19</col_id>
          <col_rf>19</col_rf>
          <comp_opts xsi:nil="true" />
          <data_type>5</data_type>
          <display_order>19</display_order>
          <group_order xsi:nil="true" />
          <max_len xsi:nil="true" />
          <min_vuse>223</min_vuse>
          <opts xsi:nil="true" />
          <rpt_links />
          <sort_direction xsi:nil="true" />
          <sort_order xsi:nil="true" />
          <trend_opts xsi:nil="true" />
          <type>1</type>
          <val>BlueLeapCTI$InteractionLog.CV6</val>
          <val_attrs>1</val_attrs>
          <val_col_refs>BlueLeapCTI$InteractionLog.CV6;10123</val_col_refs>
          <xml_data>&lt;?xml version="1.0" encoding="utf-16"?&gt;
&lt;ColumnXmlData xmlns:xsi="http://www.w3.org/2001/XMLSchema-instance" xmlns:xsd="http://www.w3.org/2001/XMLSchema"&gt;
  &lt;UnitType&gt;Percentage&lt;/UnitType&gt;
  &lt;Header&gt;
    &lt;LabelStr&gt;CV6&lt;/LabelStr&gt;
  &lt;/Header&gt;
  &lt;Width&gt;2.50696373&lt;/Width&gt;
  &lt;HeaderAlignment&gt;Near&lt;/HeaderAlignment&gt;
  &lt;DataAlignment&gt;Near&lt;/DataAlignment&gt;
  &lt;FormatOptions&gt;DisplayNullValuesBlank&lt;/FormatOptions&gt;
&lt;/ColumnXmlData&gt;</xml_data>
        </cols_item>
        <cols_item>
          <calc_units xsi:nil="true" />
          <col_id>20</col_id>
          <col_rf>20</col_rf>
          <comp_opts xsi:nil="true" />
          <data_type>5</data_type>
          <display_order>20</display_order>
          <group_order xsi:nil="true" />
          <max_len xsi:nil="true" />
          <min_vuse>223</min_vuse>
          <opts xsi:nil="true" />
          <rpt_links />
          <sort_direction xsi:nil="true" />
          <sort_order xsi:nil="true" />
          <trend_opts xsi:nil="true" />
          <type>1</type>
          <val>BlueLeapCTI$InteractionLog.CV7</val>
          <val_attrs>1</val_attrs>
          <val_col_refs>BlueLeapCTI$InteractionLog.CV7;10123</val_col_refs>
          <xml_data>&lt;?xml version="1.0" encoding="utf-16"?&gt;
&lt;ColumnXmlData xmlns:xsi="http://www.w3.org/2001/XMLSchema-instance" xmlns:xsd="http://www.w3.org/2001/XMLSchema"&gt;
  &lt;UnitType&gt;Percentage&lt;/UnitType&gt;
  &lt;Header&gt;
    &lt;LabelStr&gt;CV7&lt;/LabelStr&gt;
  &lt;/Header&gt;
  &lt;Width&gt;2.50696373&lt;/Width&gt;
  &lt;HeaderAlignment&gt;Near&lt;/HeaderAlignment&gt;
  &lt;DataAlignment&gt;Near&lt;/DataAlignment&gt;
  &lt;FormatOptions&gt;DisplayNullValuesBlank&lt;/FormatOptions&gt;
&lt;/ColumnXmlData&gt;</xml_data>
        </cols_item>
        <cols_item>
          <calc_units xsi:nil="true" />
          <col_id>21</col_id>
          <col_rf>21</col_rf>
          <comp_opts xsi:nil="true" />
          <data_type>5</data_type>
          <display_order>21</display_order>
          <group_order xsi:nil="true" />
          <max_len xsi:nil="true" />
          <min_vuse>223</min_vuse>
          <opts xsi:nil="true" />
          <rpt_links />
          <sort_direction xsi:nil="true" />
          <sort_order xsi:nil="true" />
          <trend_opts xsi:nil="true" />
          <type>1</type>
          <val>BlueLeapCTI$InteractionLog.CV8</val>
          <val_attrs>1</val_attrs>
          <val_col_refs>BlueLeapCTI$InteractionLog.CV8;10123</val_col_refs>
          <xml_data>&lt;?xml version="1.0" encoding="utf-16"?&gt;
&lt;ColumnXmlData xmlns:xsi="http://www.w3.org/2001/XMLSchema-instance" xmlns:xsd="http://www.w3.org/2001/XMLSchema"&gt;
  &lt;UnitType&gt;Percentage&lt;/UnitType&gt;
  &lt;Header&gt;
    &lt;LabelStr&gt;CV8&lt;/LabelStr&gt;
  &lt;/Header&gt;
  &lt;Width&gt;2.50696373&lt;/Width&gt;
  &lt;HeaderAlignment&gt;Near&lt;/HeaderAlignment&gt;
  &lt;DataAlignment&gt;Near&lt;/DataAlignment&gt;
  &lt;FormatOptions&gt;DisplayNullValuesBlank&lt;/FormatOptions&gt;
&lt;/ColumnXmlData&gt;</xml_data>
        </cols_item>
        <cols_item>
          <calc_units xsi:nil="true" />
          <col_id>22</col_id>
          <col_rf>22</col_rf>
          <comp_opts xsi:nil="true" />
          <data_type>5</data_type>
          <display_order>22</display_order>
          <group_order xsi:nil="true" />
          <max_len xsi:nil="true" />
          <min_vuse>223</min_vuse>
          <opts xsi:nil="true" />
          <rpt_links />
          <sort_direction xsi:nil="true" />
          <sort_order xsi:nil="true" />
          <trend_opts xsi:nil="true" />
          <type>1</type>
          <val>BlueLeapCTI$InteractionLog.CV9</val>
          <val_attrs>1</val_attrs>
          <val_col_refs>BlueLeapCTI$InteractionLog.CV9;10123</val_col_refs>
          <xml_data>&lt;?xml version="1.0" encoding="utf-16"?&gt;
&lt;ColumnXmlData xmlns:xsi="http://www.w3.org/2001/XMLSchema-instance" xmlns:xsd="http://www.w3.org/2001/XMLSchema"&gt;
  &lt;UnitType&gt;Percentage&lt;/UnitType&gt;
  &lt;Header&gt;
    &lt;LabelStr&gt;CV9&lt;/LabelStr&gt;
  &lt;/Header&gt;
  &lt;Width&gt;2.50696373&lt;/Width&gt;
  &lt;HeaderAlignment&gt;Near&lt;/HeaderAlignment&gt;
  &lt;DataAlignment&gt;Near&lt;/DataAlignment&gt;
  &lt;FormatOptions&gt;DisplayNullValuesBlank&lt;/FormatOptions&gt;
&lt;/ColumnXmlData&gt;</xml_data>
        </cols_item>
        <cols_item>
          <calc_units xsi:nil="true" />
          <col_id>23</col_id>
          <col_rf>23</col_rf>
          <comp_opts xsi:nil="true" />
          <data_type>5</data_type>
          <display_order>23</display_order>
          <group_order xsi:nil="true" />
          <max_len xsi:nil="true" />
          <min_vuse>223</min_vuse>
          <opts xsi:nil="true" />
          <rpt_links />
          <sort_direction xsi:nil="true" />
          <sort_order xsi:nil="true" />
          <trend_opts xsi:nil="true" />
          <type>1</type>
          <val>BlueLeapCTI$InteractionLog.CV10</val>
          <val_attrs>1</val_attrs>
          <val_col_refs>BlueLeapCTI$InteractionLog.CV10;10123</val_col_refs>
          <xml_data>&lt;?xml version="1.0" encoding="utf-16"?&gt;
&lt;ColumnXmlData xmlns:xsi="http://www.w3.org/2001/XMLSchema-instance" xmlns:xsd="http://www.w3.org/2001/XMLSchema"&gt;
  &lt;UnitType&gt;Auto&lt;/UnitType&gt;
  &lt;Header&gt;
    &lt;LabelStr&gt;CV10&lt;/LabelStr&gt;
  &lt;/Header&gt;
  &lt;HeaderAlignment&gt;Near&lt;/HeaderAlignment&gt;
  &lt;DataAlignment&gt;Near&lt;/DataAlignment&gt;
  &lt;FormatOptions&gt;DisplayNullValuesBlank&lt;/FormatOptions&gt;
&lt;/ColumnXmlData&gt;</xml_data>
        </cols_item>
        <cols_item>
          <calc_units xsi:nil="true" />
          <col_id>24</col_id>
          <col_rf>24</col_rf>
          <comp_opts xsi:nil="true" />
          <data_type>5</data_type>
          <display_order>24</display_order>
          <group_order xsi:nil="true" />
          <max_len xsi:nil="true" />
          <min_vuse>223</min_vuse>
          <opts xsi:nil="true" />
          <rpt_links />
          <sort_direction xsi:nil="true" />
          <sort_order xsi:nil="true" />
          <trend_opts xsi:nil="true" />
          <type>1</type>
          <val>BlueLeapCTI$InteractionLog.Call_id</val>
          <val_attrs>1</val_attrs>
          <val_col_refs>BlueLeapCTI$InteractionLog.Call_id;10123</val_col_refs>
          <xml_data>&lt;?xml version="1.0" encoding="utf-16"?&gt;
&lt;ColumnXmlData xmlns:xsi="http://www.w3.org/2001/XMLSchema-instance" xmlns:xsd="http://www.w3.org/2001/XMLSchema"&gt;
  &lt;UnitType&gt;Auto&lt;/UnitType&gt;
  &lt;Header&gt;
    &lt;LabelStr&gt;Callid&lt;/LabelStr&gt;
  &lt;/Header&gt;
  &lt;HeaderAlignment&gt;Near&lt;/HeaderAlignment&gt;
  &lt;DataAlignment&gt;Near&lt;/DataAlignment&gt;
  &lt;FormatOptions&gt;DisplayNullValuesBlank&lt;/FormatOptions&gt;
&lt;/ColumnXmlData&gt;</xml_data>
        </cols_item>
      </cols>
      <excepts />
      <filters />
      <fltr_expr xsi:nil="true" />
      <group_by_col_idx xsi:nil="true" />
      <group_type>0</group_type>
      <having_expr xsi:nil="true" />
      <having_filters />
      <n_id>1</n_id>
      <opts>0</opts>
      <parent_node_idx xsi:nil="true" />
      <row_limit xsi:nil="true" />
      <scripts />
      <starting_level xsi:nil="true" />
      <style_id>12</style_id>
      <xml_data>&lt;?xml version="1.0" encoding="utf-16"?&gt;
&lt;NodeXmlData xmlns:xsi="http://www.w3.org/2001/XMLSchema-instance" xmlns:xsd="http://www.w3.org/2001/XMLSchema"&gt;
  &lt;Sections&gt;
    &lt;ReportSection&gt;
      &lt;Height&gt;75&lt;/Height&gt;
      &lt;SectionType&gt;DockedFilters&lt;/SectionType&gt;
      &lt;StyleType&gt;DockedFiltersArea&lt;/StyleType&gt;
      &lt;LayoutType&gt;Fixed&lt;/LayoutType&gt;
      &lt;AutoHeight&gt;false&lt;/AutoHeight&gt;
      &lt;Visible&gt;true&lt;/Visible&gt;
    &lt;/ReportSection&gt;
    &lt;ReportSection&gt;
      &lt;Fields&gt;
        &lt;ReportField xsi:type="ReportTextField"&gt;
          &lt;Padding&gt;
            &lt;Bottom&gt;1&lt;/Bottom&gt;
            &lt;Left&gt;1&lt;/Left&gt;
            &lt;Right&gt;1&lt;/Right&gt;
            &lt;Top&gt;0&lt;/Top&gt;
          &lt;/Padding&gt;
          &lt;StyleType&gt;CurrentDate&lt;/StyleType&gt;
          &lt;AnchorStyles&gt;Top Right&lt;/AnchorStyles&gt;
          &lt;AutoSize&gt;true&lt;/AutoSize&gt;
          &lt;TextAlign&gt;Far&lt;/TextAlign&gt;
          &lt;LineAlign&gt;Center&lt;/LineAlign&gt;
          &lt;TextType&gt;CurrentDate&lt;/TextType&gt;
        &lt;/ReportField&gt;
      &lt;/Fields&gt;
      &lt;Height&gt;25&lt;/Height&gt;
      &lt;SectionType&gt;PageHeader&lt;/SectionType&gt;
      &lt;StyleType&gt;PageHeader&lt;/StyleType&gt;
      &lt;LayoutType&gt;Fixed&lt;/LayoutType&gt;
      &lt;AutoHeight&gt;false&lt;/AutoHeight&gt;
      &lt;Visible&gt;true&lt;/Visible&gt;
    &lt;/ReportSection&gt;
    &lt;ReportSection&gt;
      &lt;Fields&gt;
        &lt;ReportField xsi:type="ReportTextField"&gt;
          &lt;Padding&gt;
            &lt;Bottom&gt;1&lt;/Bottom&gt;
            &lt;Left&gt;1&lt;/Left&gt;
            &lt;Right&gt;1&lt;/Right&gt;
            &lt;Top&gt;0&lt;/Top&gt;
          &lt;/Padding&gt;
          &lt;StyleType&gt;Title&lt;/StyleType&gt;
          &lt;AnchorStyles&gt;Top Left Right&lt;/AnchorStyles&gt;
          &lt;AutoSize&gt;true&lt;/AutoSize&gt;
          &lt;TextAlign&gt;Near&lt;/TextAlign&gt;
          &lt;LineAlign&gt;Center&lt;/LineAlign&gt;
          &lt;Text&gt;
            &lt;LabelStr&gt;CTI Interaction Log&lt;/LabelStr&gt;
          &lt;/Text&gt;
          &lt;TextType&gt;Title&lt;/TextType&gt;
        &lt;/ReportField&gt;
      &lt;/Fields&gt;
      &lt;Height&gt;28&lt;/Height&gt;
      &lt;SectionType&gt;ReportHeader&lt;/SectionType&gt;
      &lt;StyleType&gt;ReportHeader&lt;/StyleType&gt;
      &lt;LayoutType&gt;Fixed&lt;/LayoutType&gt;
      &lt;AutoHeight&gt;false&lt;/AutoHeight&gt;
      &lt;Visible&gt;true&lt;/Visible&gt;
    &lt;/ReportSection&gt;
    &lt;ReportSection&gt;
      &lt;Height&gt;-1&lt;/Height&gt;
      &lt;SectionType&gt;Descriptions&lt;/SectionType&gt;
      &lt;StyleType&gt;DefinitionArea&lt;/StyleType&gt;
      &lt;LayoutType&gt;Fixed&lt;/LayoutType&gt;
      &lt;AutoHeight&gt;false&lt;/AutoHeight&gt;
      &lt;Visible&gt;true&lt;/Visible&gt;
    &lt;/ReportSection&gt;
    &lt;ReportSection&gt;
      &lt;Height&gt;-1&lt;/Height&gt;
      &lt;SectionType&gt;SearchCriteria&lt;/SectionType&gt;
      &lt;StyleType&gt;SearchCriteriaArea&lt;/StyleType&gt;
      &lt;LayoutType&gt;Fixed&lt;/LayoutType&gt;
      &lt;AutoHeight&gt;false&lt;/AutoHeight&gt;
      &lt;Visible&gt;false&lt;/Visible&gt;
    &lt;/ReportSection&gt;
    &lt;ReportSection&gt;
      &lt;Height&gt;250&lt;/Height&gt;
      &lt;SectionType&gt;Charts&lt;/SectionType&gt;
      &lt;StyleType&gt;ChartArea&lt;/StyleType&gt;
      &lt;LayoutType&gt;Fixed&lt;/LayoutType&gt;
      &lt;AutoHeight&gt;false&lt;/AutoHeight&gt;
      &lt;Visible&gt;false&lt;/Visible&gt;
    &lt;/ReportSection&gt;
    &lt;ReportSection&gt;
      &lt;Height&gt;-1&lt;/Height&gt;
      &lt;SectionType&gt;DataArea&lt;/SectionType&gt;
      &lt;StyleType&gt;DataArea&lt;/StyleType&gt;
      &lt;LayoutType&gt;Fixed&lt;/LayoutType&gt;
      &lt;AutoHeight&gt;false&lt;/AutoHeight&gt;
      &lt;Visible&gt;true&lt;/Visible&gt;
    &lt;/ReportSection&gt;
    &lt;ReportSection&gt;
      &lt;Fields&gt;
        &lt;ReportField xsi:type="ReportTextField"&gt;
          &lt;Padding&gt;
            &lt;Bottom&gt;1&lt;/Bottom&gt;
            &lt;Left&gt;1&lt;/Left&gt;
            &lt;Right&gt;1&lt;/Right&gt;
            &lt;Top&gt;0&lt;/Top&gt;
          &lt;/Padding&gt;
          &lt;StyleType&gt;RecordCounts&lt;/StyleType&gt;
          &lt;AnchorStyles&gt;Top Left&lt;/AnchorStyles&gt;
          &lt;AutoSize&gt;true&lt;/AutoSize&gt;
          &lt;TextAlign&gt;Near&lt;/TextAlign&gt;
          &lt;LineAlign&gt;Center&lt;/LineAlign&gt;
          &lt;TextType&gt;RecordCount&lt;/TextType&gt;
        &lt;/ReportField&gt;
      &lt;/Fields&gt;
      &lt;Height&gt;32&lt;/Height&gt;
      &lt;SectionType&gt;ReportFooter&lt;/SectionType&gt;
      &lt;StyleType&gt;ReportFooter&lt;/StyleType&gt;
      &lt;LayoutType&gt;Fixed&lt;/LayoutType&gt;
      &lt;AutoHeight&gt;false&lt;/AutoHeight&gt;
      &lt;Visible&gt;true&lt;/Visible&gt;
    &lt;/ReportSection&gt;
    &lt;ReportSection&gt;
      &lt;Height&gt;-1&lt;/Height&gt;
      &lt;SectionType&gt;Exceptions&lt;/SectionType&gt;
      &lt;StyleType&gt;ExceptionsArea&lt;/StyleType&gt;
      &lt;LayoutType&gt;Fixed&lt;/LayoutType&gt;
      &lt;AutoHeight&gt;false&lt;/AutoHeight&gt;
      &lt;Visible&gt;false&lt;/Visible&gt;
    &lt;/ReportSection&gt;
    &lt;ReportSection&gt;
      &lt;Fields&gt;
        &lt;ReportField xsi:type="ReportTextField"&gt;
          &lt;Padding&gt;
            &lt;Bottom&gt;1&lt;/Bottom&gt;
            &lt;Left&gt;1&lt;/Left&gt;
            &lt;Right&gt;1&lt;/Right&gt;
            &lt;Top&gt;0&lt;/Top&gt;
          &lt;/Padding&gt;
          &lt;StyleType&gt;PageNumber&lt;/StyleType&gt;
          &lt;AnchorStyles&gt;Top Right&lt;/AnchorStyles&gt;
          &lt;AutoSize&gt;true&lt;/AutoSize&gt;
          &lt;TextAlign&gt;Far&lt;/TextAlign&gt;
          &lt;LineAlign&gt;Center&lt;/LineAlign&gt;
          &lt;TextType&gt;PageNumber&lt;/TextType&gt;
        &lt;/ReportField&gt;
      &lt;/Fields&gt;
      &lt;Height&gt;29&lt;/Height&gt;
      &lt;SectionType&gt;PageFooter&lt;/SectionType&gt;
      &lt;StyleType&gt;PageFooter&lt;/StyleType&gt;
      &lt;LayoutType&gt;Fixed&lt;/LayoutType&gt;
      &lt;AutoHeight&gt;false&lt;/AutoHeight&gt;
      &lt;Visible&gt;true&lt;/Visible&gt;
    &lt;/ReportSection&gt;
  &lt;/Sections&gt;
  &lt;PageWidthOptions&gt;
    &lt;Width&gt;1552&lt;/Width&gt;
    &lt;WidthType&gt;Fixed&lt;/WidthType&gt;
  &lt;/PageWidthOptions&gt;
  &lt;PageReport&gt;false&lt;/PageReport&gt;
  &lt;Name&gt;
    &lt;LabelStr&gt;Standard Report&lt;/LabelStr&gt;
  &lt;/Name&gt;
  &lt;SearchCriteriaStyle&gt;None&lt;/SearchCriteriaStyle&gt;
  &lt;OutputDescriptionStyle&gt;Rollover&lt;/OutputDescriptionStyle&gt;
  &lt;DisplayOptions&gt;ShowDataAreaAsGrid&lt;/DisplayOptions&gt;
  &lt;PageSettings&gt;
    &lt;PrintMargin&gt;Normal&lt;/PrintMargin&gt;
    &lt;Landscape&gt;false&lt;/Landscape&gt;
    &lt;PrintToFit&gt;false&lt;/PrintToFit&gt;
  &lt;/PageSettings&gt;
&lt;/NodeXmlData&gt;</xml_data>
    </node_item>
  </nodes>
  <notes xsi:nil="true" xmlns="urn:obj.api.rightnow.com" />
  <opts xmlns="urn:obj.api.rightnow.com">4</opts>
  <owner_acct_id xmlns="urn:obj.api.rightnow.com">969982</owner_acct_id>
  <params xmlns="urn:obj.api.rightnow.com" />
  <perms xmlns="urn:obj.api.rightnow.com" />
  <rpt xmlns="urn:obj.api.rightnow.com" />
  <run_vals xmlns="urn:obj.api.rightnow.com" />
  <schedules xmlns="urn:obj.api.rightnow.com" />
  <style_id xsi:nil="true" xmlns="urn:obj.api.rightnow.com" />
  <tables xmlns="urn:obj.api.rightnow.com">
    <table_item>
      <alias>BlueLeapCTI$InteractionLog</alias>
      <join_def_enum xsi:nil="true" />
      <join_def_idx xsi:nil="true" />
      <join_filters />
      <join_fltr_expr xsi:nil="true" />
      <join_to_tbl_idx xsi:nil="true" />
      <join_type xsi:nil="true" />
      <tbl>10123</tbl>
      <tbl_id>1</tbl_id>
    </table_item>
  </tables>
  <time_zone xmlns="urn:obj.api.rightnow.com">0</time_zone>
  <updated xmlns="urn:obj.api.rightnow.com">2018-09-13T02:46:30Z</updated>
  <version xmlns="urn:obj.api.rightnow.com">0</version>
  <version_detail xmlns="urn:obj.api.rightnow.com">
    <is_live>true</is_live>
  </version_detail>
  <xml_data xsi:nil="true" xmlns="urn:obj.api.rightnow.com" />
  <xml_report xsi:nil="true" xmlns="urn:obj.api.rightnow.com" />
</analytics_core>
Version: 
aBdKADTENAA3+ITvZJyYHgoxWy7/CsO2IQ==
