﻿<ClassMappings><ClassMapping ClassName="BLCampaigns"><Mappings><Mapping Interface="ovi_blueleap2" Operation="Create" Procedure="BLCampaign24_7" /><Mapping Interface="ovi_blueleap2" Operation="Update" Procedure="BLCampaign24_7" /><Mapping Interface="ovi_blueleap2_2" Operation="Create" Procedure="BLCampaign24_7" /><Mapping Interface="ovi_blueleap2_2" Operation="Update" Procedure="BLCampaign24_7" /><Mapping Interface="ovi_blueleap2_3cn" Operation="Create" Procedure="BLCampaign24_7" /><Mapping Interface="ovi_blueleap2_3cn" Operation="Update" Procedure="BLCampaign24_7" /></Mappings></ClassMapping><ClassMapping ClassName="BLInboundMessage"><Mappings><Mapping Interface="ovi_blueleap2" Operation="Create" Procedure="BLInbound24_9" /><SuppressFlagMapping Interface="ovi_blueleap2" /><Mapping Interface="ovi_blueleap2_2" Operation="Create" Procedure="BLInbound24_9" /><SuppressFlagMapping Interface="ovi_blueleap2_2" /><Mapping Interface="ovi_blueleap2_3cn" Operation="Create" Procedure="BLInbound24_9" /><SuppressFlagMapping Interface="ovi_blueleap2_3cn" /></Mappings></ClassMapping><ClassMapping ClassName="BLOutboundMessage"><Mappings><Mapping Interface="ovi_blueleap2" Operation="Create" Procedure="BLOutbound24_8" /><SuppressFlagMapping Interface="ovi_blueleap2" /><Mapping Interface="ovi_blueleap2_2" Operation="Create" Procedure="BLOutbound24_8" /><SuppressFlagMapping Interface="ovi_blueleap2_2" /><Mapping Interface="ovi_blueleap2_3cn" Operation="Create" Procedure="BLOutbound24_8" /><SuppressFlagMapping Interface="ovi_blueleap2_3cn" /></Mappings></ClassMapping><ClassMapping ClassName="Answer"><Mappings /></ClassMapping><ClassMapping ClassName="CommunityComment"><Mappings /></ClassMapping><ClassMapping ClassName="CommunityCommentRtg"><Mappings /></ClassMapping><ClassMapping ClassName="CommunityQuestion"><Mappings /></ClassMapping><ClassMapping ClassName="CommunityQuestionRtg"><Mappings /></ClassMapping><ClassMapping ClassName="Contact"><Mappings /></ClassMapping><ClassMapping ClassName="Incident"><Mappings /></ClassMapping><ClassMapping ClassName="Organization"><Mappings /></ClassMapping><ClassMapping ClassName="Measurement"><Mappings /></ClassMapping></ClassMappings><!--wLaREocpH0ik7+j6WSOav9hzhpImnmPZgg==-->